Question,Option A,Option B,Option C,Option D,Answer
Q. What is the purpose of travel insurance?,A) To protect against unexpected events like trip cancellations or medical emergencies,B) To cover the cost of souvenirs,C) To provide discounts on flights and accommodations,D) To offer travel rewards points,Answer: A
Q. What is the difference between a tourist visa and a travel visa?,"A) A tourist visa allows you to visit a country for leisure purposes, while a travel visa is required for business or study purposes",B) There is no difference between a tourist visa and a travel visa,"C) A travel visa is required for short trips, while a tourist visa is for long-term stays",D) A tourist visa is more expensive than a travel visa,Answer: A
"Q. What does the term ""jet lag"" refer to in travel?",A) The feeling of disorientation and fatigue caused by crossing multiple time zones,B) The fear of flying on an airplane,C) The discomfort experienced during long flights,D) The excitement of traveling to a new destination,Answer: A
Q. What is the purpose of a passport?,A) To prove your identity and citizenship when traveling internationally,B) To book flights and accommodations,C) To exchange currency,D) To purchase travel insurance,Answer: A
Q. What is the difference between a direct flight and a non-stop flight?,A) There is no difference between a direct flight and a non-stop flight,"B) A direct flight may have one or more stops, but passengers remain on the same plane, while a non-stop flight travels directly from the origin to the destination without stopping",C) A non-stop flight is faster than a direct flight,D) A direct flight is more expensive than a non-stop flight,Answer: B
"Q. What does the term ""layover"" mean in travel?",A) A stopover in a city for less than 24 hours,B) A delay in flight departure,C) The process of changing planes during a trip,D) The time spent waiting for transportation,Answer: C
Q. What is the purpose of a travel adapter?,A) To convert the voltage of electrical outlets in foreign countries,B) To provide Wi-Fi access while traveling,C) To charge electronic devices,D) To book accommodations online,Answer: A
"Q. What does the term ""all-inclusive"" mean in travel?","A) A travel package that includes meals, accommodations, and activities for one price",B) A travel package that includes flights only,C) A travel package that includes transportation but not accommodations,D) A travel package that includes accommodations but not meals,Answer: A
Q. What is the purpose of a travel itinerary?,"A) To plan and organize your trip, including flights, accommodations, and activities",B) To track your expenses while traveling,C) To apply for a travel visa,D) To document your travel experiences,Answer: A
"Q. What does the term ""souvenir"" refer to in travel?",A) A memento or keepsake purchased as a reminder of a trip,B) A traditional dish from a foreign country,C) A type of travel accommodation,D) A travel guidebook,Answer: A
Q. What is the purpose of travel vaccinations?,A) To protect against diseases that are prevalent in certain regions of the world,B) To prevent motion sickness,C) To provide immunity to common colds and flu,D) To boost energy levels during long flights,Answer: A
Q. What is the difference between a hotel and a hostel?,"A) Hostels offer shared accommodations and facilities, while hotels offer private rooms and amenities",B) There is no difference between a hotel and a hostel,C) Hotels are more expensive than hostels,D) Hostels are only for young travelers,Answer: A
"Q. What does the term ""e-visa"" mean in travel?","A) A visa that is obtained electronically, without visiting a consulate or embassy",B) A visa that allows multiple entries to a country,C) A visa that is valid for one year,D) A visa that is required for electronic devices,Answer: A
Q. What is the purpose of travel rewards programs?,"A) To earn points or miles that can be redeemed for free flights, hotel stays, or other travel benefits",B) To receive discounts on travel insurance,C) To access exclusive airport lounges,D) To book last-minute travel deals,Answer: A
"Q. What does the term ""travel hacking"" refer to?",A) Strategies for maximizing travel rewards points or miles,B) Illegally accessing someone's travel itinerary,C) Avoiding paying for travel expenses,D) Hacking into airline reservation systems,Answer: A
Q. What is the purpose of a travel pillow?,A) To provide neck support and comfort during long flights or car rides,B) To document travel experiences,C) To prevent jet lag,D) To protect against motion sickness,Answer: A
"Q. What does the term ""passport control"" refer to in travel?",A) The process of verifying travel documents and identity at border crossings or airports,B) A type of travel insurance,C) The duty-free shopping area in airports,D) A security checkpoint for carry-on luggage,Answer: A
Q. What is the purpose of a travel SIM card?,A) To provide international roaming for your mobile phone,B) To access free Wi-Fi while traveling,C) To book flights and accommodations,D) To exchange currency,Answer: A
"Q. What does the term ""jet setter"" mean in travel?","A) A person who travels frequently, especially to luxurious destinations",B) A type of luggage,C) A travel magazine,D) A travel guidebook,Answer: A
Q. What is the purpose of travel guides?,"A) To provide information and recommendations on destinations, accommodations, and activities",B) To track expenses while traveling,C) To apply for a travel visa,D) To document travel experiences,Answer: A
"Q. What does the term ""travel insurance"" cover?","A) Unexpected events such as trip cancellations, medical emergencies, or lost luggage",B) Expenses related to booking flights and accommodations,C) Travel rewards and discounts,D) Souvenirs and mementos,Answer: A
Q. What is the purpose of a travel wallet?,"A) To organize and store travel documents, such as passports, tickets, and currency",B) To carry electronic devices while traveling,C) To protect against pickpocketing,D) To provide travel advice and recommendations,Answer: A
"Q. What does the term ""tour operator"" refer to in travel?","A) A company that organizes and sells travel packages, including accommodations, transportation, and activities",B) A type of travel visa,C) A travel guidebook,D) A person who leads guided tours,Answer: A
Q. What is the purpose of travel compression socks?,A) To improve circulation and reduce the risk of blood clots during long flights,B) To protect against insect bites,C) To prevent motion sickness,D) To provide extra warmth in cold climates,Answer: A
